[{"model": "eshop.category", "pk": 1, "fields": {"name": "Regular Pizza"}}, {"model": "eshop.category", "pk": 2, "fields": {"name": "Sicilian Pizza"}}, {"model": "eshop.category", "pk": 3, "fields": {"name": "Subs"}}, {"model": "eshop.category", "pk": 4, "fields": {"name": "Pasta"}}, {"model": "eshop.category", "pk": 5, "fields": {"name": "Salads"}}, {"model": "eshop.category", "pk": 6, "fields": {"name": "Dinner Platters"}}, {"model": "eshop.size", "pk": 1, "fields": {"name": "Large"}}, {"model": "eshop.size", "pk": 2, "fields": {"name": "Small"}}, {"model": "eshop.menuitem", "pk": 1, "fields": {"category": 1, "name": "Cheese", "size": 2, "price": "12.70", "toppings": 0}}, {"model": "eshop.menuitem", "pk": 2, "fields": {"category": 1, "name": "1 topping", "size": 2, "price": "13.70", "toppings": 1}}, {"model": "eshop.menuitem", "pk": 3, "fields": {"category": 1, "name": "2 toppings", "size": 2, "price": "15.20", "toppings": 2}}, {"model": "eshop.menuitem", "pk": 4, "fields": {"category": 1, "name": "3 toppings", "size": 2, "price": "16.20", "toppings": 3}}, {"model": "eshop.menuitem", "pk": 5, "fields": {"category": 2, "name": "Cheese", "size": 2, "price": "24.45", "toppings": 0}}, {"model": "eshop.menuitem", "pk": 6, "fields": {"category": 2, "name": "1 item", "size": 2, "price": "26.45", "toppings": 1}}, {"model": "eshop.menuitem", "pk": 7, "fields": {"category": 2, "name": "2 items", "size": 2, "price": "28.45", "toppings": 2}}, {"model": "eshop.menuitem", "pk": 8, "fields": {"category": 2, "name": "3 items", "size": 2, "price": "29.45", "toppings": 3}}, {"model": "eshop.menuitem", "pk": 9, "fields": {"category": 1, "name": "Special", "size": 2, "price": "17.75", "toppings": 0}}, {"model": "eshop.menuitem", "pk": 10, "fields": {"category": 2, "name": "Special", "size": 2, "price": "30.45", "toppings": 0}}, {"model": "eshop.menuitem", "pk": 11, "fields": {"category": 3, "name": "Cheese", "size": 2, "price": "6.50", "toppings": 5}}, {"model": "eshop.menuitem", "pk": 12, "fields": {"category": 4, "name": "Baked Ziti w/Mozzarella", "size": 1, "price": "6.50", "toppings": 0}}, {"model": "eshop.menuitem", "pk": 13, "fields": {"category": 5, "name": "Garden Salad", "size": 1, "price": "6.25", "toppings": 0}}, {"model": "eshop.menuitem", "pk": 14, "fields": {"category": 6, "name": "Garden Salad", "size": 1, "price": "40.00", "toppings": 0}}, {"model": "eshop.menuitem", "pk": 15, "fields": {"category": 3, "name": "Italian", "size": 2, "price": "6.50", "toppings": 5}}, {"model": "eshop.menuitem", "pk": 16, "fields": {"category": 3, "name": "Ham + Cheese", "size": 2, "price": "6.50", "toppings": 5}}, {"model": "eshop.itemtopping", "pk": 1, "fields": {"name": "Pepperoni", "price": "0.00", "allowed_categories": [1, 2]}}, {"model": "eshop.itemtopping", "pk": 2, "fields": {"name": "Sausage", "price": "0.00", "allowed_categories": [1, 2]}}, {"model": "eshop.itemtopping", "pk": 3, "fields": {"name": "Mushrooms", "price": "0.50", "allowed_categories": [3]}}, {"model": "eshop.itemtopping", "pk": 4, "fields": {"name": "Green Peppers", "price": "0.50", "allowed_categories": [3]}}, {"model": "eshop.itemtopping", "pk": 5, "fields": {"name": "Onions", "price": "0.50", "allowed_categories": [3]}}, {"model": "eshop.itemtopping", "pk": 6, "fields": {"name": "Extra Cheese on any sub", "price": "0.50", "allowed_categories": [3]}}, {"model": "eshop.itemtopping", "pk": 7, "fields": {"name": "Mushrooms", "price": "0.00", "allowed_categories": [1, 2]}}, {"model": "eshop.itemtopping", "pk": 8, "fields": {"name": "Onions", "price": "0.00", "allowed_categories": [1, 2]}}, {"model": "eshop.itemtopping", "pk": 9, "fields": {"name": "Ham", "price": "0.00", "allowed_categories": [1, 2]}}, {"model": "eshop.itemtopping", "pk": 10, "fields": {"name": "Canadian Bacon", "price": "0.00", "allowed_categories": [1, 2]}}, {"model": "eshop.itemtopping", "pk": 11, "fields": {"name": "Pineapple", "price": "0.00", "allowed_categories": [1, 2]}}, {"model": "eshop.itemtopping", "pk": 12, "fields": {"name": "Eggplant", "price": "0.00", "allowed_categories": [1, 2]}}, {"model": "eshop.itemtopping", "pk": 13, "fields": {"name": "Tomato & Basil", "price": "0.00", "allowed_categories": [1, 2]}}, {"model": "eshop.itemtopping", "pk": 14, "fields": {"name": "Green Peppers", "price": "0.00", "allowed_categories": [1, 2]}}, {"model": "eshop.itemtopping", "pk": 15, "fields": {"name": "Hamburger", "price": "0.00", "allowed_categories": [1, 2]}}, {"model": "eshop.itemtopping", "pk": 16, "fields": {"name": "Spinach", "price": "0.00", "allowed_categories": [1, 2]}}, {"model": "eshop.itemtopping", "pk": 17, "fields": {"name": "Artichoke", "price": "0.00", "allowed_categories": [1, 2]}}, {"model": "eshop.itemtopping", "pk": 18, "fields": {"name": "Buffalo Chicken", "price": "0.00", "allowed_categories": [1, 2]}}, {"model": "eshop.itemtopping", "pk": 19, "fields": {"name": "Barbecue Chicken", "price": "0.00", "allowed_categories": [1, 2]}}, {"model": "eshop.itemtopping", "pk": 20, "fields": {"name": "Anchovies", "price": "0.00", "allowed_categories": [1, 2]}}, {"model": "eshop.itemtopping", "pk": 21, "fields": {"name": "Black Olives", "price": "0.00", "allowed_categories": [1, 2]}}, {"model": "eshop.itemtopping", "pk": 22, "fields": {"name": "Fresh Garlic", "price": "0.00", "allowed_categories": [1, 2]}}, {"model": "eshop.itemtopping", "pk": 23, "fields": {"name": "Zucchini", "price": "0.00", "allowed_categories": [1, 2]}}, {"model": "contenttypes.contenttype", "pk": 1, "fields": {"app_label": "eshop", "model": "category"}}, {"model": "contenttypes.contenttype", "pk": 2, "fields": {"app_label": "eshop", "model": "itemtopping"}}, {"model": "contenttypes.contenttype", "pk": 3, "fields": {"app_label": "eshop", "model": "menuitem"}}, {"model": "contenttypes.contenttype", "pk": 4, "fields": {"app_label": "eshop", "model": "order"}}, {"model": "contenttypes.contenttype", "pk": 5, "fields": {"app_label": "eshop", "model": "paymentmethod"}}, {"model": "contenttypes.contenttype", "pk": 6, "fields": {"app_label": "eshop", "model": "size"}}, {"model": "contenttypes.contenttype", "pk": 7, "fields": {"app_label": "eshop", "model": "orderline"}}, {"model": "contenttypes.contenttype", "pk": 8, "fields": {"app_label": "admin", "model": "logentry"}}, {"model": "contenttypes.contenttype", "pk": 9, "fields": {"app_label": "auth", "model": "permission"}}, {"model": "contenttypes.contenttype", "pk": 10, "fields": {"app_label": "auth", "model": "group"}}, {"model": "contenttypes.contenttype", "pk": 11, "fields": {"app_label": "auth", "model": "user"}}, {"model": "contenttypes.contenttype", "pk": 12, "fields": {"app_label": "contenttypes", "model": "contenttype"}}, {"model": "contenttypes.contenttype", "pk": 13, "fields": {"app_label": "sessions", "model": "session"}}, {"model": "sessions.session", "pk": "ezzk1hsodv2i0gw38lwvy185ym6ohbuq", "fields": {"session_data": "ZWYyNTRkMTg3MzkzY2JhN2VmNGE2OGY4NmJiYjkzNjEwZWZmZDk2MDp7Il9hdXRoX3VzZXJfaWQiOiIxIiwiX2F1dGhfdXNlcl9iYWNrZW5kIjoiZGphbmdvLmNvbnRyaWIuYXV0aC5iYWNrZW5kcy5Nb2RlbEJhY2tlbmQiLCJfYXV0aF91c2VyX2hhc2giOiJkNmQ1OGI3ZDhiNDkzMGU5NWE4NWI3NWI0ZGVlNzBmMWJmYzU2MTZlIn0=", "expire_date": "2020-05-16T08:46:35.539Z"}}, {"model": "sessions.session", "pk": "f3ycz389ubgpyjcr08nrbou4x3bd9bwq", "fields": {"session_data": "ZWYyNTRkMTg3MzkzY2JhN2VmNGE2OGY4NmJiYjkzNjEwZWZmZDk2MDp7Il9hdXRoX3VzZXJfaWQiOiIxIiwiX2F1dGhfdXNlcl9iYWNrZW5kIjoiZGphbmdvLmNvbnRyaWIuYXV0aC5iYWNrZW5kcy5Nb2RlbEJhY2tlbmQiLCJfYXV0aF91c2VyX2hhc2giOiJkNmQ1OGI3ZDhiNDkzMGU5NWE4NWI3NWI0ZGVlNzBmMWJmYzU2MTZlIn0=", "expire_date": "2020-06-01T21:40:58.745Z"}}, {"model": "auth.permission", "pk": 1, "fields": {"name": "Can add category", "content_type": 1, "codename": "add_category"}}, {"model": "auth.permission", "pk": 2, "fields": {"name": "Can change category", "content_type": 1, "codename": "change_category"}}, {"model": "auth.permission", "pk": 3, "fields": {"name": "Can delete category", "content_type": 1, "codename": "delete_category"}}, {"model": "auth.permission", "pk": 4, "fields": {"name": "Can view category", "content_type": 1, "codename": "view_category"}}, {"model": "auth.permission", "pk": 5, "fields": {"name": "Can add item topping", "content_type": 2, "codename": "add_itemtopping"}}, {"model": "auth.permission", "pk": 6, "fields": {"name": "Can change item topping", "content_type": 2, "codename": "change_itemtopping"}}, {"model": "auth.permission", "pk": 7, "fields": {"name": "Can delete item topping", "content_type": 2, "codename": "delete_itemtopping"}}, {"model": "auth.permission", "pk": 8, "fields": {"name": "Can view item topping", "content_type": 2, "codename": "view_itemtopping"}}, {"model": "auth.permission", "pk": 9, "fields": {"name": "Can add menu item", "content_type": 3, "codename": "add_menuitem"}}, {"model": "auth.permission", "pk": 10, "fields": {"name": "Can change menu item", "content_type": 3, "codename": "change_menuitem"}}, {"model": "auth.permission", "pk": 11, "fields": {"name": "Can delete menu item", "content_type": 3, "codename": "delete_menuitem"}}, {"model": "auth.permission", "pk": 12, "fields": {"name": "Can view menu item", "content_type": 3, "codename": "view_menuitem"}}, {"model": "auth.permission", "pk": 13, "fields": {"name": "Can add order", "content_type": 4, "codename": "add_order"}}, {"model": "auth.permission", "pk": 14, "fields": {"name": "Can change order", "content_type": 4, "codename": "change_order"}}, {"model": "auth.permission", "pk": 15, "fields": {"name": "Can delete order", "content_type": 4, "codename": "delete_order"}}, {"model": "auth.permission", "pk": 16, "fields": {"name": "Can view order", "content_type": 4, "codename": "view_order"}}, {"model": "auth.permission", "pk": 17, "fields": {"name": "Can add payment method", "content_type": 5, "codename": "add_paymentmethod"}}, {"model": "auth.permission", "pk": 18, "fields": {"name": "Can change payment method", "content_type": 5, "codename": "change_paymentmethod"}}, {"model": "auth.permission", "pk": 19, "fields": {"name": "Can delete payment method", "content_type": 5, "codename": "delete_paymentmethod"}}, {"model": "auth.permission", "pk": 20, "fields": {"name": "Can view payment method", "content_type": 5, "codename": "view_paymentmethod"}}, {"model": "auth.permission", "pk": 21, "fields": {"name": "Can add size", "content_type": 6, "codename": "add_size"}}, {"model": "auth.permission", "pk": 22, "fields": {"name": "Can change size", "content_type": 6, "codename": "change_size"}}, {"model": "auth.permission", "pk": 23, "fields": {"name": "Can delete size", "content_type": 6, "codename": "delete_size"}}, {"model": "auth.permission", "pk": 24, "fields": {"name": "Can view size", "content_type": 6, "codename": "view_size"}}, {"model": "auth.permission", "pk": 25, "fields": {"name": "Can add order line", "content_type": 7, "codename": "add_orderline"}}, {"model": "auth.permission", "pk": 26, "fields": {"name": "Can change order line", "content_type": 7, "codename": "change_orderline"}}, {"model": "auth.permission", "pk": 27, "fields": {"name": "Can delete order line", "content_type": 7, "codename": "delete_orderline"}}, {"model": "auth.permission", "pk": 28, "fields": {"name": "Can view order line", "content_type": 7, "codename": "view_orderline"}}, {"model": "auth.permission", "pk": 29, "fields": {"name": "Can add log entry", "content_type": 8, "codename": "add_logentry"}}, {"model": "auth.permission", "pk": 30, "fields": {"name": "Can change log entry", "content_type": 8, "codename": "change_logentry"}}, {"model": "auth.permission", "pk": 31, "fields": {"name": "Can delete log entry", "content_type": 8, "codename": "delete_logentry"}}, {"model": "auth.permission", "pk": 32, "fields": {"name": "Can view log entry", "content_type": 8, "codename": "view_logentry"}}, {"model": "auth.permission", "pk": 33, "fields": {"name": "Can add permission", "content_type": 9, "codename": "add_permission"}}, {"model": "auth.permission", "pk": 34, "fields": {"name": "Can change permission", "content_type": 9, "codename": "change_permission"}}, {"model": "auth.permission", "pk": 35, "fields": {"name": "Can delete permission", "content_type": 9, "codename": "delete_permission"}}, {"model": "auth.permission", "pk": 36, "fields": {"name": "Can view permission", "content_type": 9, "codename": "view_permission"}}, {"model": "auth.permission", "pk": 37, "fields": {"name": "Can add group", "content_type": 10, "codename": "add_group"}}, {"model": "auth.permission", "pk": 38, "fields": {"name": "Can change group", "content_type": 10, "codename": "change_group"}}, {"model": "auth.permission", "pk": 39, "fields": {"name": "Can delete group", "content_type": 10, "codename": "delete_group"}}, {"model": "auth.permission", "pk": 40, "fields": {"name": "Can view group", "content_type": 10, "codename": "view_group"}}, {"model": "auth.permission", "pk": 41, "fields": {"name": "Can add user", "content_type": 11, "codename": "add_user"}}, {"model": "auth.permission", "pk": 42, "fields": {"name": "Can change user", "content_type": 11, "codename": "change_user"}}, {"model": "auth.permission", "pk": 43, "fields": {"name": "Can delete user", "content_type": 11, "codename": "delete_user"}}, {"model": "auth.permission", "pk": 44, "fields": {"name": "Can view user", "content_type": 11, "codename": "view_user"}}, {"model": "auth.permission", "pk": 45, "fields": {"name": "Can add content type", "content_type": 12, "codename": "add_contenttype"}}, {"model": "auth.permission", "pk": 46, "fields": {"name": "Can change content type", "content_type": 12, "codename": "change_contenttype"}}, {"model": "auth.permission", "pk": 47, "fields": {"name": "Can delete content type", "content_type": 12, "codename": "delete_contenttype"}}, {"model": "auth.permission", "pk": 48, "fields": {"name": "Can view content type", "content_type": 12, "codename": "view_contenttype"}}, {"model": "auth.permission", "pk": 49, "fields": {"name": "Can add session", "content_type": 13, "codename": "add_session"}}, {"model": "auth.permission", "pk": 50, "fields": {"name": "Can change session", "content_type": 13, "codename": "change_session"}}, {"model": "auth.permission", "pk": 51, "fields": {"name": "Can delete session", "content_type": 13, "codename": "delete_session"}}, {"model": "auth.permission", "pk": 52, "fields": {"name": "Can view session", "content_type": 13, "codename": "view_session"}}, {"model": "auth.user", "pk": 1, "fields": {"password": "pbkdf2_sha256$180000$evSncFD4KuUE$Ov8OO8E5oK1gyn3BsI+jAZ1mie7XC+MPcVylGQjBtZc=", "last_login": "2020-05-18T21:40:58.736Z", "is_superuser": true, "username": "vojtech@kotek.co", "first_name": "", "last_name": "", "email": "", "is_staff": true, "is_active": true, "date_joined": "2020-05-02T07:49:33.543Z", "groups": [], "user_permissions": []}}, {"model": "admin.logentry", "pk": 1, "fields": {"action_time": "2020-05-02T08:47:13.747Z", "user": 1, "content_type": 2, "object_id": "1", "object_repr": "Regular Pizza | Pepperoni", "action_flag": 1, "change_message": "[{\"added\": {}}]"}}, {"model": "admin.logentry", "pk": 2, "fields": {"action_time": "2020-05-02T08:48:22.331Z", "user": 1, "content_type": 7, "object_id": "1", "object_repr": "Regular Pizza | Cheese (Small) . . . . . . . . $12.70\n\tTOPPINGS: eshop.ItemTopping.None", "action_flag": 1, "change_message": "[{\"added\": {}}]"}}, {"model": "admin.logentry", "pk": 3, "fields": {"action_time": "2020-05-08T19:20:41.794Z", "user": 1, "content_type": 7, "object_id": "43", "object_repr": "Regular Pizza | Cheese (Small) . . . . . . . . $12.70", "action_flag": 3, "change_message": ""}}, {"model": "admin.logentry", "pk": 4, "fields": {"action_time": "2020-05-08T19:20:41.804Z", "user": 1, "content_type": 7, "object_id": "42", "object_repr": "Regular Pizza | Cheese (Small) . . . . . . . . $12.70", "action_flag": 3, "change_message": ""}}, {"model": "admin.logentry", "pk": 5, "fields": {"action_time": "2020-05-08T19:20:41.809Z", "user": 1, "content_type": 7, "object_id": "41", "object_repr": "Regular Pizza | Cheese (Small) . . . . . . . . $12.70", "action_flag": 3, "change_message": ""}}, {"model": "admin.logentry", "pk": 6, "fields": {"action_time": "2020-05-08T19:20:41.815Z", "user": 1, "content_type": 7, "object_id": "40", "object_repr": "Regular Pizza | 1 topping (Small) . . . . . . . . $13.70", "action_flag": 3, "change_message": ""}}, {"model": "admin.logentry", "pk": 7, "fields": {"action_time": "2020-05-08T19:20:41.821Z", "user": 1, "content_type": 7, "object_id": "39", "object_repr": "Regular Pizza | Cheese (Small) . . . . . . . . $12.70", "action_flag": 3, "change_message": ""}}, {"model": "admin.logentry", "pk": 8, "fields": {"action_time": "2020-05-08T19:20:41.826Z", "user": 1, "content_type": 7, "object_id": "38", "object_repr": "Regular Pizza | Cheese (Small) . . . . . . . . $12.70", "action_flag": 3, "change_message": ""}}, {"model": "admin.logentry", "pk": 9, "fields": {"action_time": "2020-05-08T19:20:41.831Z", "user": 1, "content_type": 7, "object_id": "37", "object_repr": "Regular Pizza | 1 topping (Small) . . . . . . . . $13.70", "action_flag": 3, "change_message": ""}}, {"model": "admin.logentry", "pk": 10, "fields": {"action_time": "2020-05-08T19:20:41.837Z", "user": 1, "content_type": 7, "object_id": "36", "object_repr": "Regular Pizza | Cheese (Small) . . . . . . . . $12.70", "action_flag": 3, "change_message": ""}}, {"model": "admin.logentry", "pk": 11, "fields": {"action_time": "2020-05-08T19:20:41.842Z", "user": 1, "content_type": 7, "object_id": "35", "object_repr": "Regular Pizza | Cheese (Small) . . . . . . . . $12.70", "action_flag": 3, "change_message": ""}}, {"model": "admin.logentry", "pk": 12, "fields": {"action_time": "2020-05-08T19:20:41.848Z", "user": 1, "content_type": 7, "object_id": "34", "object_repr": "Regular Pizza | 2 toppings (Small) . . . . . . . . $15.20", "action_flag": 3, "change_message": ""}}, {"model": "admin.logentry", "pk": 13, "fields": {"action_time": "2020-05-08T19:20:41.853Z", "user": 1, "content_type": 7, "object_id": "33", "object_repr": "Regular Pizza | 1 topping (Small) . . . . . . . . $13.70", "action_flag": 3, "change_message": ""}}, {"model": "admin.logentry", "pk": 14, "fields": {"action_time": "2020-05-08T19:20:41.859Z", "user": 1, "content_type": 7, "object_id": "32", "object_repr": "Regular Pizza | Cheese (Small) . . . . . . . . $12.70", "action_flag": 3, "change_message": ""}}, {"model": "admin.logentry", "pk": 15, "fields": {"action_time": "2020-05-08T19:20:41.864Z", "user": 1, "content_type": 7, "object_id": "31", "object_repr": "Regular Pizza | Cheese (Small) . . . . . . . . $12.70", "action_flag": 3, "change_message": ""}}, {"model": "admin.logentry", "pk": 16, "fields": {"action_time": "2020-05-08T19:20:41.869Z", "user": 1, "content_type": 7, "object_id": "30", "object_repr": "Regular Pizza | Cheese (Small) . . . . . . . . $12.70", "action_flag": 3, "change_message": ""}}, {"model": "admin.logentry", "pk": 17, "fields": {"action_time": "2020-05-08T19:20:41.874Z", "user": 1, "content_type": 7, "object_id": "29", "object_repr": "Regular Pizza | Cheese (Small) . . . . . . . . $12.70", "action_flag": 3, "change_message": ""}}, {"model": "admin.logentry", "pk": 18, "fields": {"action_time": "2020-05-08T19:20:41.880Z", "user": 1, "content_type": 7, "object_id": "28", "object_repr": "Regular Pizza | Cheese (Small) . . . . . . . . $12.70", "action_flag": 3, "change_message": ""}}, {"model": "admin.logentry", "pk": 19, "fields": {"action_time": "2020-05-08T19:20:41.885Z", "user": 1, "content_type": 7, "object_id": "27", "object_repr": "Regular Pizza | 1 topping (Small) . . . . . . . . $13.70", "action_flag": 3, "change_message": ""}}, {"model": "admin.logentry", "pk": 20, "fields": {"action_time": "2020-05-08T19:20:41.890Z", "user": 1, "content_type": 7, "object_id": "26", "object_repr": "Regular Pizza | Cheese (Small) . . . . . . . . $12.70", "action_flag": 3, "change_message": ""}}, {"model": "admin.logentry", "pk": 21, "fields": {"action_time": "2020-05-08T19:20:41.896Z", "user": 1, "content_type": 7, "object_id": "25", "object_repr": "Regular Pizza | Cheese (Small) . . . . . . . . $12.70", "action_flag": 3, "change_message": ""}}, {"model": "admin.logentry", "pk": 22, "fields": {"action_time": "2020-05-08T19:20:41.901Z", "user": 1, "content_type": 7, "object_id": "24", "object_repr": "Regular Pizza | Cheese (Small) . . . . . . . . $12.70", "action_flag": 3, "change_message": ""}}, {"model": "admin.logentry", "pk": 23, "fields": {"action_time": "2020-05-08T19:20:41.907Z", "user": 1, "content_type": 7, "object_id": "23", "object_repr": "Regular Pizza | 1 topping (Small) . . . . . . . . $13.70", "action_flag": 3, "change_message": ""}}, {"model": "admin.logentry", "pk": 24, "fields": {"action_time": "2020-05-08T19:20:41.912Z", "user": 1, "content_type": 7, "object_id": "22", "object_repr": "Regular Pizza | Cheese (Small) . . . . . . . . $12.70", "action_flag": 3, "change_message": ""}}, {"model": "admin.logentry", "pk": 25, "fields": {"action_time": "2020-05-08T19:20:41.917Z", "user": 1, "content_type": 7, "object_id": "21", "object_repr": "Regular Pizza | Cheese (Small) . . . . . . . . $12.70", "action_flag": 3, "change_message": ""}}, {"model": "admin.logentry", "pk": 26, "fields": {"action_time": "2020-05-08T19:20:41.923Z", "user": 1, "content_type": 7, "object_id": "20", "object_repr": "Regular Pizza | Cheese (Small) . . . . . . . . $12.70", "action_flag": 3, "change_message": ""}}, {"model": "admin.logentry", "pk": 27, "fields": {"action_time": "2020-05-08T19:20:41.929Z", "user": 1, "content_type": 7, "object_id": "19", "object_repr": "Regular Pizza | Cheese (Small) . . . . . . . . $12.70", "action_flag": 3, "change_message": ""}}, {"model": "admin.logentry", "pk": 28, "fields": {"action_time": "2020-05-08T19:20:41.934Z", "user": 1, "content_type": 7, "object_id": "18", "object_repr": "Regular Pizza | Cheese (Small) . . . . . . . . $12.70", "action_flag": 3, "change_message": ""}}, {"model": "admin.logentry", "pk": 29, "fields": {"action_time": "2020-05-08T19:20:41.939Z", "user": 1, "content_type": 7, "object_id": "17", "object_repr": "Regular Pizza | 3 toppings (Small) . . . . . . . . $16.20", "action_flag": 3, "change_message": ""}}, {"model": "admin.logentry", "pk": 30, "fields": {"action_time": "2020-05-08T19:20:41.944Z", "user": 1, "content_type": 7, "object_id": "16", "object_repr": "Regular Pizza | Cheese (Small) . . . . . . . . $12.70", "action_flag": 3, "change_message": ""}}, {"model": "admin.logentry", "pk": 31, "fields": {"action_time": "2020-05-08T19:20:41.950Z", "user": 1, "content_type": 7, "object_id": "15", "object_repr": "Regular Pizza | Cheese (Small) . . . . . . . . $12.70", "action_flag": 3, "change_message": ""}}, {"model": "admin.logentry", "pk": 32, "fields": {"action_time": "2020-05-08T19:20:41.955Z", "user": 1, "content_type": 7, "object_id": "14", "object_repr": "Regular Pizza | Cheese (Small) . . . . . . . . $12.70", "action_flag": 3, "change_message": ""}}, {"model": "admin.logentry", "pk": 33, "fields": {"action_time": "2020-05-08T19:20:41.960Z", "user": 1, "content_type": 7, "object_id": "13", "object_repr": "Regular Pizza | Cheese (Small) . . . . . . . . $12.70", "action_flag": 3, "change_message": ""}}, {"model": "admin.logentry", "pk": 34, "fields": {"action_time": "2020-05-08T19:20:41.967Z", "user": 1, "content_type": 7, "object_id": "12", "object_repr": "Regular Pizza | Cheese (Small) . . . . . . . . $12.70", "action_flag": 3, "change_message": ""}}, {"model": "admin.logentry", "pk": 35, "fields": {"action_time": "2020-05-08T19:20:41.973Z", "user": 1, "content_type": 7, "object_id": "11", "object_repr": "Regular Pizza | 3 toppings (Small) . . . . . . . . $16.20", "action_flag": 3, "change_message": ""}}, {"model": "admin.logentry", "pk": 36, "fields": {"action_time": "2020-05-08T19:20:41.979Z", "user": 1, "content_type": 7, "object_id": "10", "object_repr": "Regular Pizza | 3 toppings (Small) . . . . . . . . $16.20", "action_flag": 3, "change_message": ""}}, {"model": "admin.logentry", "pk": 37, "fields": {"action_time": "2020-05-08T19:20:41.984Z", "user": 1, "content_type": 7, "object_id": "9", "object_repr": "Regular Pizza | 3 toppings (Small) . . . . . . . . $16.20", "action_flag": 3, "change_message": ""}}, {"model": "admin.logentry", "pk": 38, "fields": {"action_time": "2020-05-08T19:20:41.990Z", "user": 1, "content_type": 7, "object_id": "8", "object_repr": "Regular Pizza | 3 toppings (Small) . . . . . . . . $16.20", "action_flag": 3, "change_message": ""}}, {"model": "admin.logentry", "pk": 39, "fields": {"action_time": "2020-05-08T19:20:41.995Z", "user": 1, "content_type": 7, "object_id": "7", "object_repr": "Regular Pizza | 3 toppings (Small) . . . . . . . . $16.20", "action_flag": 3, "change_message": ""}}, {"model": "admin.logentry", "pk": 40, "fields": {"action_time": "2020-05-08T19:20:42.001Z", "user": 1, "content_type": 7, "object_id": "6", "object_repr": "Regular Pizza | 3 toppings (Small) . . . . . . . . $16.20", "action_flag": 3, "change_message": ""}}, {"model": "admin.logentry", "pk": 41, "fields": {"action_time": "2020-05-08T19:20:42.007Z", "user": 1, "content_type": 7, "object_id": "5", "object_repr": "Regular Pizza | 2 toppings (Small) . . . . . . . . $15.20", "action_flag": 3, "change_message": ""}}, {"model": "admin.logentry", "pk": 42, "fields": {"action_time": "2020-05-08T19:20:42.013Z", "user": 1, "content_type": 7, "object_id": "4", "object_repr": "Regular Pizza | Cheese (Small) . . . . . . . . $12.70", "action_flag": 3, "change_message": ""}}, {"model": "admin.logentry", "pk": 43, "fields": {"action_time": "2020-05-08T19:20:42.019Z", "user": 1, "content_type": 7, "object_id": "3", "object_repr": "Regular Pizza | 1 topping (Small) . . . . . . . . $13.70", "action_flag": 3, "change_message": ""}}, {"model": "admin.logentry", "pk": 44, "fields": {"action_time": "2020-05-08T19:20:42.024Z", "user": 1, "content_type": 7, "object_id": "2", "object_repr": "Regular Pizza | Cheese (Small) . . . . . . . . $12.70", "action_flag": 3, "change_message": ""}}, {"model": "admin.logentry", "pk": 45, "fields": {"action_time": "2020-05-08T19:20:42.031Z", "user": 1, "content_type": 7, "object_id": "1", "object_repr": "Regular Pizza | Cheese (Small) . . . . . . . . $12.70", "action_flag": 3, "change_message": ""}}, {"model": "admin.logentry", "pk": 46, "fields": {"action_time": "2020-05-11T19:31:17.780Z", "user": 1, "content_type": 1, "object_id": "2", "object_repr": "Sicilian Pizza", "action_flag": 1, "change_message": "[{\"added\": {}}]"}}, {"model": "admin.logentry", "pk": 47, "fields": {"action_time": "2020-05-11T19:32:14.017Z", "user": 1, "content_type": 2, "object_id": "2", "object_repr": "Regular Pizza | Sausage | $0", "action_flag": 1, "change_message": "[{\"added\": {}}]"}}, {"model": "admin.logentry", "pk": 48, "fields": {"action_time": "2020-05-11T19:32:41.850Z", "user": 1, "content_type": 1, "object_id": "3", "object_repr": "Subs", "action_flag": 1, "change_message": "[{\"added\": {}}]"}}, {"model": "admin.logentry", "pk": 49, "fields": {"action_time": "2020-05-11T19:32:44.976Z", "user": 1, "content_type": 1, "object_id": "4", "object_repr": "Pasta", "action_flag": 1, "change_message": "[{\"added\": {}}]"}}, {"model": "admin.logentry", "pk": 50, "fields": {"action_time": "2020-05-11T19:32:52.039Z", "user": 1, "content_type": 1, "object_id": "5", "object_repr": "Salads", "action_flag": 1, "change_message": "[{\"added\": {}}]"}}, {"model": "admin.logentry", "pk": 51, "fields": {"action_time": "2020-05-11T19:32:56.251Z", "user": 1, "content_type": 1, "object_id": "6", "object_repr": "Dinner Platters", "action_flag": 1, "change_message": "[{\"added\": {}}]"}}, {"model": "admin.logentry", "pk": 52, "fields": {"action_time": "2020-05-11T19:41:29.836Z", "user": 1, "content_type": 2, "object_id": "2", "object_repr": "Sausage | $0.00 for ()", "action_flag": 2, "change_message": "[{\"changed\": {\"fields\": [\"Allowed categories\"]}}]"}}, {"model": "admin.logentry", "pk": 53, "fields": {"action_time": "2020-05-11T19:41:50.625Z", "user": 1, "content_type": 2, "object_id": "1", "object_repr": "Pepperoni | $0.00 for ()", "action_flag": 2, "change_message": "[{\"changed\": {\"fields\": [\"Allowed categories\"]}}]"}}, {"model": "admin.logentry", "pk": 54, "fields": {"action_time": "2020-05-11T19:42:25.186Z", "user": 1, "content_type": 2, "object_id": "3", "object_repr": "Mushrooms | $0.50 for ()", "action_flag": 1, "change_message": "[{\"added\": {}}]"}}, {"model": "admin.logentry", "pk": 55, "fields": {"action_time": "2020-05-11T19:42:35.237Z", "user": 1, "content_type": 2, "object_id": "4", "object_repr": "Green Peppers | $0.50 for ()", "action_flag": 1, "change_message": "[{\"added\": {}}]"}}, {"model": "admin.logentry", "pk": 56, "fields": {"action_time": "2020-05-11T19:42:45.782Z", "user": 1, "content_type": 2, "object_id": "5", "object_repr": "Onions | $0.50 for ()", "action_flag": 1, "change_message": "[{\"added\": {}}]"}}, {"model": "admin.logentry", "pk": 57, "fields": {"action_time": "2020-05-11T19:43:05.951Z", "user": 1, "content_type": 2, "object_id": "6", "object_repr": "Extra Cheese on any sub | $0.50 for ()", "action_flag": 1, "change_message": "[{\"added\": {}}]"}}, {"model": "admin.logentry", "pk": 58, "fields": {"action_time": "2020-05-11T19:43:51.453Z", "user": 1, "content_type": 3, "object_id": "5", "object_repr": "Sicilian Pizza | Cheese (Small) . . . . . . . . $24.45", "action_flag": 1, "change_message": "[{\"added\": {}}]"}}, {"model": "admin.logentry", "pk": 59, "fields": {"action_time": "2020-05-11T19:44:03.128Z", "user": 1, "content_type": 3, "object_id": "6", "object_repr": "Sicilian Pizza | 1 item (Small) . . . . . . . . $26.45", "action_flag": 1, "change_message": "[{\"added\": {}}]"}}, {"model": "admin.logentry", "pk": 60, "fields": {"action_time": "2020-05-11T19:44:25.464Z", "user": 1, "content_type": 3, "object_id": "7", "object_repr": "Sicilian Pizza | 2 items (Small) . . . . . . . . $28.45", "action_flag": 1, "change_message": "[{\"added\": {}}]"}}, {"model": "admin.logentry", "pk": 61, "fields": {"action_time": "2020-05-11T19:44:37.786Z", "user": 1, "content_type": 3, "object_id": "8", "object_repr": "Sicilian Pizza | 3 items (Small) . . . . . . . . $29.45", "action_flag": 1, "change_message": "[{\"added\": {}}]"}}, {"model": "admin.logentry", "pk": 62, "fields": {"action_time": "2020-05-11T19:45:14.205Z", "user": 1, "content_type": 3, "object_id": "9", "object_repr": "Regular Pizza | Special (Small) . . . . . . . . $17.75", "action_flag": 1, "change_message": "[{\"added\": {}}]"}}, {"model": "admin.logentry", "pk": 63, "fields": {"action_time": "2020-05-11T19:45:25.400Z", "user": 1, "content_type": 3, "object_id": "10", "object_repr": "Sicilian Pizza | Special (Small) . . . . . . . . $30.45", "action_flag": 1, "change_message": "[{\"added\": {}}]"}}, {"model": "admin.logentry", "pk": 64, "fields": {"action_time": "2020-05-11T19:47:08.411Z", "user": 1, "content_type": 3, "object_id": "11", "object_repr": "Subs | Cheese (Small) . . . . . . . . $6.50", "action_flag": 1, "change_message": "[{\"added\": {}}]"}}, {"model": "admin.logentry", "pk": 65, "fields": {"action_time": "2020-05-11T19:47:23.187Z", "user": 1, "content_type": 3, "object_id": "12", "object_repr": "Pasta | Baked Ziti w/Mozzarella (Large) . . . . . . . . $6.50", "action_flag": 1, "change_message": "[{\"added\": {}}]"}}, {"model": "admin.logentry", "pk": 66, "fields": {"action_time": "2020-05-11T19:47:38.272Z", "user": 1, "content_type": 3, "object_id": "13", "object_repr": "Salads | Garden Salad (Large) . . . . . . . . $6.25", "action_flag": 1, "change_message": "[{\"added\": {}}]"}}, {"model": "admin.logentry", "pk": 67, "fields": {"action_time": "2020-05-11T19:48:07.389Z", "user": 1, "content_type": 3, "object_id": "14", "object_repr": "Dinner Platters | Garden Salad (Large) . . . . . . . . $40.00", "action_flag": 1, "change_message": "[{\"added\": {}}]"}}, {"model": "admin.logentry", "pk": 68, "fields": {"action_time": "2020-05-18T22:04:23.533Z", "user": 1, "content_type": 2, "object_id": "7", "object_repr": "Mushrooms | $0", "action_flag": 1, "change_message": "[{\"added\": {}}]"}}, {"model": "admin.logentry", "pk": 69, "fields": {"action_time": "2020-05-18T22:04:31.938Z", "user": 1, "content_type": 2, "object_id": "8", "object_repr": "Onions | $0", "action_flag": 1, "change_message": "[{\"added\": {}}]"}}, {"model": "admin.logentry", "pk": 70, "fields": {"action_time": "2020-05-18T22:04:36.744Z", "user": 1, "content_type": 2, "object_id": "9", "object_repr": "Ham | $0", "action_flag": 1, "change_message": "[{\"added\": {}}]"}}, {"model": "admin.logentry", "pk": 71, "fields": {"action_time": "2020-05-18T22:04:42.750Z", "user": 1, "content_type": 2, "object_id": "10", "object_repr": "Canadian Bacon | $0", "action_flag": 1, "change_message": "[{\"added\": {}}]"}}, {"model": "admin.logentry", "pk": 72, "fields": {"action_time": "2020-05-18T22:04:47.074Z", "user": 1, "content_type": 2, "object_id": "11", "object_repr": "Pineapple | $0", "action_flag": 1, "change_message": "[{\"added\": {}}]"}}, {"model": "admin.logentry", "pk": 73, "fields": {"action_time": "2020-05-18T22:04:51.678Z", "user": 1, "content_type": 2, "object_id": "12", "object_repr": "Eggplant | $0", "action_flag": 1, "change_message": "[{\"added\": {}}]"}}, {"model": "admin.logentry", "pk": 74, "fields": {"action_time": "2020-05-18T22:04:56.362Z", "user": 1, "content_type": 2, "object_id": "13", "object_repr": "Tomato & Basil | $0", "action_flag": 1, "change_message": "[{\"added\": {}}]"}}, {"model": "admin.logentry", "pk": 75, "fields": {"action_time": "2020-05-18T22:05:00.447Z", "user": 1, "content_type": 2, "object_id": "14", "object_repr": "Green Peppers | $0", "action_flag": 1, "change_message": "[{\"added\": {}}]"}}, {"model": "admin.logentry", "pk": 76, "fields": {"action_time": "2020-05-18T22:05:04.710Z", "user": 1, "content_type": 2, "object_id": "15", "object_repr": "Hamburger | $0", "action_flag": 1, "change_message": "[{\"added\": {}}]"}}, {"model": "admin.logentry", "pk": 77, "fields": {"action_time": "2020-05-18T22:05:09.652Z", "user": 1, "content_type": 2, "object_id": "16", "object_repr": "Spinach | $0", "action_flag": 1, "change_message": "[{\"added\": {}}]"}}, {"model": "admin.logentry", "pk": 78, "fields": {"action_time": "2020-05-18T22:05:13.829Z", "user": 1, "content_type": 2, "object_id": "17", "object_repr": "Artichoke | $0", "action_flag": 1, "change_message": "[{\"added\": {}}]"}}, {"model": "admin.logentry", "pk": 79, "fields": {"action_time": "2020-05-18T22:05:18.150Z", "user": 1, "content_type": 2, "object_id": "18", "object_repr": "Buffalo Chicken | $0", "action_flag": 1, "change_message": "[{\"added\": {}}]"}}, {"model": "admin.logentry", "pk": 80, "fields": {"action_time": "2020-05-18T22:05:23.629Z", "user": 1, "content_type": 2, "object_id": "19", "object_repr": "Barbecue Chicken | $0", "action_flag": 1, "change_message": "[{\"added\": {}}]"}}, {"model": "admin.logentry", "pk": 81, "fields": {"action_time": "2020-05-18T22:05:28.260Z", "user": 1, "content_type": 2, "object_id": "20", "object_repr": "Anchovies | $0", "action_flag": 1, "change_message": "[{\"added\": {}}]"}}, {"model": "admin.logentry", "pk": 82, "fields": {"action_time": "2020-05-18T22:05:32.370Z", "user": 1, "content_type": 2, "object_id": "21", "object_repr": "Black Olives | $0", "action_flag": 1, "change_message": "[{\"added\": {}}]"}}, {"model": "admin.logentry", "pk": 83, "fields": {"action_time": "2020-05-18T22:05:36.238Z", "user": 1, "content_type": 2, "object_id": "22", "object_repr": "Fresh Garlic | $0", "action_flag": 1, "change_message": "[{\"added\": {}}]"}}, {"model": "admin.logentry", "pk": 84, "fields": {"action_time": "2020-05-18T22:05:39.878Z", "user": 1, "content_type": 2, "object_id": "23", "object_repr": "Zucchini | $0", "action_flag": 1, "change_message": "[{\"added\": {}}]"}}, {"model": "admin.logentry", "pk": 85, "fields": {"action_time": "2020-05-18T22:06:49.805Z", "user": 1, "content_type": 3, "object_id": "15", "object_repr": "Subs | Italian (Small) . . . . . . . . $6.5", "action_flag": 1, "change_message": "[{\"added\": {}}]"}}, {"model": "admin.logentry", "pk": 86, "fields": {"action_time": "2020-05-18T22:07:03.543Z", "user": 1, "content_type": 3, "object_id": "16", "object_repr": "Subs | Ham + Cheese (Small) . . . . . . . . $6.5", "action_flag": 1, "change_message": "[{\"added\": {}}]"}}]