[
    {
      "model": "eshop.category",
      "pk": 1,
      "fields": {
        "name": "Regular Pizza"
      }
    },
    {
      "model": "eshop.category",
      "pk": 2,
      "fields": {
        "name": "Sicilian Pizza"
      }
    },
    {
      "model": "eshop.category",
      "pk": 3,
      "fields": {
        "name": "Subs"
      }
    },
    {
      "model": "eshop.category",
      "pk": 4,
      "fields": {
        "name": "Pasta"
      }
    },
    {
      "model": "eshop.category",
      "pk": 5,
      "fields": {
        "name": "Salads"
      }
    },
    {
      "model": "eshop.category",
      "pk": 6,
      "fields": {
        "name": "Dinner Platters"
      }
    },
    {
      "model": "eshop.size",
      "pk": 1,
      "fields": {
        "name": "Small"
      }
    },
    {
      "model": "eshop.size",
      "pk": 2,
      "fields": {
        "name": "Large"
      }
    },
    {
      "model": "eshop.paymentmethod",
      "pk": 1,
      "fields": {
        "name": "Cash"
      }
    },
    {
      "model": "eshop.paymentmethod",
      "pk": 2,
      "fields": {
        "name": "Bank Card"
      }
    },
    {
      "model": "eshop.menuitem",
      "pk": 1,
      "fields": {
        "category": 1,
        "name": "Cheese",
        "size": 1,
        "price": "12.70",
        "toppings": 0
      }
    },
    {
      "model": "eshop.menuitem",
      "pk": 2,
      "fields": {
        "category": 1,
        "name": "Cheese",
        "size": 2,
        "price": "17.95",
        "toppings": 0
      }
    },
    {
      "model": "eshop.menuitem",
      "pk": 3,
      "fields": {
        "category": 1,
        "name": "1 topping",
        "size": 1,
        "price": "13.70",
        "toppings": 1
      }
    },
    {
      "model": "eshop.menuitem",
      "pk": 4,
      "fields": {
        "category": 1,
        "name": "1 topping",
        "size": 2,
        "price": "19.95",
        "toppings": 1
      }
    },
    {
      "model": "eshop.menuitem",
      "pk": 5,
      "fields": {
        "category": 1,
        "name": "2 toppings",
        "size": 1,
        "price": "15.20",
        "toppings": 2
      }
    },
    {
      "model": "eshop.menuitem",
      "pk": 6,
      "fields": {
        "category": 1,
        "name": "2 toppings",
        "size": 2,
        "price": "27.95",
        "toppings": 2
      }
    },
    {
      "model": "eshop.menuitem",
      "pk": 7,
      "fields": {
        "category": 1,
        "name": "3 toppings",
        "size": 1,
        "price": "16.20",
        "toppings": 3
      }
    },
    {
      "model": "eshop.menuitem",
      "pk": 8,
      "fields": {
        "category": 1,
        "name": "3 toppings",
        "size": 2,
        "price": "23.95",
        "toppings": 3
      }
    },
    {
      "model": "eshop.menuitem",
      "pk": 9,
      "fields": {
        "category": 1,
        "name": "Special",
        "size": 1,
        "price": "17.75",
        "toppings": 5
      }
    },
    {
      "model": "eshop.menuitem",
      "pk": 10,
      "fields": {
        "category": 1,
        "name": "Special",
        "size": 2,
        "price": "25.95",
        "toppings": 5
      }
    },
    {
      "model": "eshop.menuitem",
      "pk": 11,
      "fields": {
        "category": 2,
        "name": "Cheese",
        "size": 1,
        "price": "24.45",
        "toppings": 0
      }
    },
    {
      "model": "eshop.menuitem",
      "pk": 12,
      "fields": {
        "category": 2,
        "name": "Cheese",
        "size": 2,
        "price": "38.70",
        "toppings": 0
      }
    },
    {
      "model": "eshop.menuitem",
      "pk": 13,
      "fields": {
        "category": 2,
        "name": "1 item",
        "size": 1,
        "price": "26.45",
        "toppings": 1
      }
    },
    {
      "model": "eshop.menuitem",
      "pk": 14,
      "fields": {
        "category": 2,
        "name": "1 item",
        "size": 2,
        "price": "40.70",
        "toppings": 1
      }
    },
    {
      "model": "eshop.menuitem",
      "pk": 15,
      "fields": {
        "category": 2,
        "name": "2 items",
        "size": 1,
        "price": "28.45",
        "toppings": 2
      }
    },
    {
      "model": "eshop.menuitem",
      "pk": 16,
      "fields": {
        "category": 2,
        "name": "2 items",
        "size": 2,
        "price": "42.70",
        "toppings": 2
      }
    },
    {
      "model": "eshop.menuitem",
      "pk": 17,
      "fields": {
        "category": 2,
        "name": "3 items",
        "size": 1,
        "price": "29.45",
        "toppings": 3
      }
    },
    {
      "model": "eshop.menuitem",
      "pk": 18,
      "fields": {
        "category": 2,
        "name": "3 items",
        "size": 2,
        "price": "44.70",
        "toppings": 3
      }
    },
    {
      "model": "eshop.menuitem",
      "pk": 19,
      "fields": {
        "category": 2,
        "name": "Special",
        "size": 1,
        "price": "30.45",
        "toppings": 5
      }
    },
    {
      "model": "eshop.menuitem",
      "pk": 20,
      "fields": {
        "category": 2,
        "name": "Special",
        "size": 2,
        "price": "45.70",
        "toppings": 5
      }
    },
    {
      "model": "eshop.menuitem",
      "pk": 21,
      "fields": {
        "category": 3,
        "name": "Cheese",
        "size": 1,
        "price": "6.50",
        "toppings": 5
      }
    },
    {
      "model": "eshop.menuitem",
      "pk": 22,
      "fields": {
        "category": 3,
        "name": "Cheese",
        "size": 2,
        "price": "7.95",
        "toppings": 5
      }
    },
    {
      "model": "eshop.menuitem",
      "pk": 23,
      "fields": {
        "category": 3,
        "name": "Italian",
        "size": 1,
        "price": "6.50",
        "toppings": 5
      }
    },
    {
      "model": "eshop.menuitem",
      "pk": 24,
      "fields": {
        "category": 3,
        "name": "Italian",
        "size": 2,
        "price": "7.95",
        "toppings": 5
      }
    },
    {
      "model": "eshop.menuitem",
      "pk": 25,
      "fields": {
        "category": 3,
        "name": "Ham + Cheese",
        "size": 1,
        "price": "6.50",
        "toppings": 5
      }
    },
    {
      "model": "eshop.menuitem",
      "pk": 26,
      "fields": {
        "category": 3,
        "name": "Ham + Cheese",
        "size": 2,
        "price": "7.95",
        "toppings": 5
      }
    },
    {
      "model": "eshop.menuitem",
      "pk": 27,
      "fields": {
        "category": 3,
        "name": "Meatball",
        "size": 1,
        "price": "6.50",
        "toppings": 5
      }
    },
    {
      "model": "eshop.menuitem",
      "pk": 28,
      "fields": {
        "category": 3,
        "name": "Meatball",
        "size": 2,
        "price": "7.95",
        "toppings": 5
      }
    },
    {
      "model": "eshop.menuitem",
      "pk": 29,
      "fields": {
        "category": 3,
        "name": "Tuna",
        "size": 1,
        "price": "6.50",
        "toppings": 5
      }
    },
    {
      "model": "eshop.menuitem",
      "pk": 30,
      "fields": {
        "category": 3,
        "name": "Tuna",
        "size": 2,
        "price": "7.95",
        "toppings": 5
      }
    },
    {
      "model": "eshop.menuitem",
      "pk": 31,
      "fields": {
        "category": 3,
        "name": "Turkey",
        "size": 1,
        "price": "7.50",
        "toppings": 5
      }
    },
    {
      "model": "eshop.menuitem",
      "pk": 32,
      "fields": {
        "category": 3,
        "name": "Turkey",
        "size": 2,
        "price": "8.50",
        "toppings": 5
      }
    },
    {
      "model": "eshop.menuitem",
      "pk": 33,
      "fields": {
        "category": 3,
        "name": "Chicken Parmigiana",
        "size": 1,
        "price": "7.50",
        "toppings": 5
      }
    },
    {
      "model": "eshop.menuitem",
      "pk": 34,
      "fields": {
        "category": 3,
        "name": "Chicken Parmigiana",
        "size": 2,
        "price": "8.50",
        "toppings": 5
      }
    },
    {
      "model": "eshop.menuitem",
      "pk": 35,
      "fields": {
        "category": 3,
        "name": "Eggplant Parmigiana",
        "size": 1,
        "price": "6.50",
        "toppings": 5
      }
    },
    {
      "model": "eshop.menuitem",
      "pk": 36,
      "fields": {
        "category": 3,
        "name": "Eggplant Parmigiana",
        "size": 2,
        "price": "7.95",
        "toppings": 5
      }
    },
    {
      "model": "eshop.menuitem",
      "pk": 37,
      "fields": {
        "category": 3,
        "name": "Steak",
        "size": 1,
        "price": "6.50",
        "toppings": 5
      }
    },
    {
      "model": "eshop.menuitem",
      "pk": 38,
      "fields": {
        "category": 3,
        "name": "Steak",
        "size": 2,
        "price": "7.95",
        "toppings": 5
      }
    },
    {
      "model": "eshop.menuitem",
      "pk": 39,
      "fields": {
        "category": 3,
        "name": "Steak + Cheese",
        "size": 1,
        "price": "6.95",
        "toppings": 5
      }
    },
    {
      "model": "eshop.menuitem",
      "pk": 40,
      "fields": {
        "category": 3,
        "name": "Steak + Cheese",
        "size": 2,
        "price": "8.50",
        "toppings": 5
      }
    },
    {
      "model": "eshop.menuitem",
      "pk": 41,
      "fields": {
        "category": 3,
        "name": "Sausage, Peppers & Onions",
        "size": 2,
        "price": "8.50",
        "toppings": 5
      }
    },
    {
      "model": "eshop.menuitem",
      "pk": 42,
      "fields": {
        "category": 3,
        "name": "Hamburger",
        "size": 1,
        "price": "4.60",
        "toppings": 5
      }
    },
    {
      "model": "eshop.menuitem",
      "pk": 43,
      "fields": {
        "category": 3,
        "name": "Hamburger",
        "size": 2,
        "price": "6.95",
        "toppings": 5
      }
    },
    {
      "model": "eshop.menuitem",
      "pk": 44,
      "fields": {
        "category": 3,
        "name": "Cheeseburger",
        "size": 1,
        "price": "5.10",
        "toppings": 5
      }
    },
    {
      "model": "eshop.menuitem",
      "pk": 45,
      "fields": {
        "category": 3,
        "name": "Cheeseburger",
        "size": 2,
        "price": "7.45",
        "toppings": 5
      }
    },
    {
      "model": "eshop.menuitem",
      "pk": 46,
      "fields": {
        "category": 3,
        "name": "Fried Chicken",
        "size": 1,
        "price": "6.95",
        "toppings": 5
      }
    },
    {
      "model": "eshop.menuitem",
      "pk": 47,
      "fields": {
        "category": 3,
        "name": "Fried Chicken",
        "size": 2,
        "price": "8.50",
        "toppings": 5
      }
    },
    {
      "model": "eshop.menuitem",
      "pk": 48,
      "fields": {
        "category": 3,
        "name": "Veggie",
        "size": 1,
        "price": "6.95",
        "toppings": 5
      }
    },
    {
      "model": "eshop.menuitem",
      "pk": 49,
      "fields": {
        "category": 3,
        "name": "Veggie",
        "size": 2,
        "price": "8.50",
        "toppings": 5
      }
    },
    {
      "model": "eshop.menuitem",
      "pk": 50,
      "fields": {
        "category": 4,
        "name": "Baked Ziti w/Mozzarella",
        "size": 2,
        "price": "6.50",
        "toppings": 0
      }
    },
    {
      "model": "eshop.menuitem",
      "pk": 51,
      "fields": {
        "category": 4,
        "name": "Baked Ziti w/Meatballs",
        "size": 2,
        "price": "8.75",
        "toppings": 0
      }
    },
    {
      "model": "eshop.menuitem",
      "pk": 52,
      "fields": {
        "category": 4,
        "name": "Baked Ziti w/Chicken",
        "size": 2,
        "price": "9.75",
        "toppings": 0
      }
    },
    {
      "model": "eshop.menuitem",
      "pk": 53,
      "fields": {
        "category": 5,
        "name": "Garden Salad",
        "size": 2,
        "price": "6.25",
        "toppings": 0
      }
    },
    {
      "model": "eshop.menuitem",
      "pk": 54,
      "fields": {
        "category": 5,
        "name": "Greek Salad",
        "size": 2,
        "price": "8.25",
        "toppings": 0
      }
    },
    {
      "model": "eshop.menuitem",
      "pk": 55,
      "fields": {
        "category": 5,
        "name": "Antipasto",
        "size": 2,
        "price": "8.25",
        "toppings": 0
      }
    },
    {
      "model": "eshop.menuitem",
      "pk": 56,
      "fields": {
        "category": 5,
        "name": "Salad w/Tuna",
        "size": 2,
        "price": "8.25",
        "toppings": 0
      }
    },
    {
      "model": "eshop.menuitem",
      "pk": 57,
      "fields": {
        "category": 6,
        "name": "Garden Salad",
        "size": 1,
        "price": "40.00",
        "toppings": 0
      }
    },
    {
      "model": "eshop.menuitem",
      "pk": 58,
      "fields": {
        "category": 6,
        "name": "Garden Salad",
        "size": 2,
        "price": "65.00",
        "toppings": 0
      }
    },
    {
      "model": "eshop.menuitem",
      "pk": 59,
      "fields": {
        "category": 6,
        "name": "Greek Salad",
        "size": 1,
        "price": "50.00",
        "toppings": 0
      }
    },
    {
      "model": "eshop.menuitem",
      "pk": 60,
      "fields": {
        "category": 6,
        "name": "Greek Salad",
        "size": 2,
        "price": "75.00",
        "toppings": 0
      }
    },
    {
      "model": "eshop.menuitem",
      "pk": 61,
      "fields": {
        "category": 6,
        "name": "Antipasto",
        "size": 1,
        "price": "50.00",
        "toppings": 0
      }
    },
    {
      "model": "eshop.menuitem",
      "pk": 62,
      "fields": {
        "category": 6,
        "name": "Antipasto",
        "size": 2,
        "price": "75.00",
        "toppings": 0
      }
    },
    {
      "model": "eshop.menuitem",
      "pk": 63,
      "fields": {
        "category": 6,
        "name": "Baked Ziti",
        "size": 1,
        "price": "40.00",
        "toppings": 0
      }
    },
    {
      "model": "eshop.menuitem",
      "pk": 64,
      "fields": {
        "category": 6,
        "name": "Baked Ziti",
        "size": 2,
        "price": "65.00",
        "toppings": 0
      }
    },
    {
      "model": "eshop.menuitem",
      "pk": 65,
      "fields": {
        "category": 6,
        "name": "Meatball Parm",
        "size": 1,
        "price": "50.00",
        "toppings": 0
      }
    },
    {
      "model": "eshop.menuitem",
      "pk": 66,
      "fields": {
        "category": 6,
        "name": "Meatball Parm",
        "size": 2,
        "price": "75.00",
        "toppings": 0
      }
    },
    {
      "model": "eshop.menuitem",
      "pk": 67,
      "fields": {
        "category": 6,
        "name": "Chicken Parm",
        "size": 1,
        "price": "55.00",
        "toppings": 0
      }
    },
    {
      "model": "eshop.menuitem",
      "pk": 68,
      "fields": {
        "category": 6,
        "name": "Chicken Parm",
        "size": 2,
        "price": "85.00",
        "toppings": 0
      }
    },
    {
      "model": "eshop.itemtopping",
      "pk": 1,
      "fields": {
        "name": "Pepperoni",
        "price": "0.00",
        "allowed_categories": [
          1,
          2
        ]
      }
    },
    {
      "model": "eshop.itemtopping",
      "pk": 2,
      "fields": {
        "name": "Sausage",
        "price": "0.00",
        "allowed_categories": [
          1,
          2
        ]
      }
    },
    {
      "model": "eshop.itemtopping",
      "pk": 3,
      "fields": {
        "name": "Mushrooms",
        "price": "0.50",
        "allowed_categories": [
          3
        ]
      }
    },
    {
      "model": "eshop.itemtopping",
      "pk": 4,
      "fields": {
        "name": "Green Peppers",
        "price": "0.50",
        "allowed_categories": [
          3
        ]
      }
    },
    {
      "model": "eshop.itemtopping",
      "pk": 5,
      "fields": {
        "name": "Onions",
        "price": "0.50",
        "allowed_categories": [
          3
        ]
      }
    },
    {
      "model": "eshop.itemtopping",
      "pk": 6,
      "fields": {
        "name": "Extra Cheese on any sub",
        "price": "0.50",
        "allowed_categories": [
          3
        ]
      }
    },
    {
      "model": "eshop.itemtopping",
      "pk": 7,
      "fields": {
        "name": "Mushrooms",
        "price": "0.00",
        "allowed_categories": [
          1,
          2
        ]
      }
    },
    {
      "model": "eshop.itemtopping",
      "pk": 8,
      "fields": {
        "name": "Onions",
        "price": "0.00",
        "allowed_categories": [
          1,
          2
        ]
      }
    },
    {
      "model": "eshop.itemtopping",
      "pk": 9,
      "fields": {
        "name": "Ham",
        "price": "0.00",
        "allowed_categories": [
          1,
          2
        ]
      }
    },
    {
      "model": "eshop.itemtopping",
      "pk": 10,
      "fields": {
        "name": "Canadian Bacon",
        "price": "0.00",
        "allowed_categories": [
          1,
          2
        ]
      }
    },
    {
      "model": "eshop.itemtopping",
      "pk": 11,
      "fields": {
        "name": "Pineapple",
        "price": "0.00",
        "allowed_categories": [
          1,
          2
        ]
      }
    },
    {
      "model": "eshop.itemtopping",
      "pk": 12,
      "fields": {
        "name": "Eggplant",
        "price": "0.00",
        "allowed_categories": [
          1,
          2
        ]
      }
    },
    {
      "model": "eshop.itemtopping",
      "pk": 13,
      "fields": {
        "name": "Tomato & Basil",
        "price": "0.00",
        "allowed_categories": [
          1,
          2
        ]
      }
    },
    {
      "model": "eshop.itemtopping",
      "pk": 14,
      "fields": {
        "name": "Green Peppers",
        "price": "0.00",
        "allowed_categories": [
          1,
          2
        ]
      }
    },
    {
      "model": "eshop.itemtopping",
      "pk": 15,
      "fields": {
        "name": "Hamburger",
        "price": "0.00",
        "allowed_categories": [
          1,
          2
        ]
      }
    },
    {
      "model": "eshop.itemtopping",
      "pk": 16,
      "fields": {
        "name": "Spinach",
        "price": "0.00",
        "allowed_categories": [
          1,
          2
        ]
      }
    },
    {
      "model": "eshop.itemtopping",
      "pk": 17,
      "fields": {
        "name": "Artichoke",
        "price": "0.00",
        "allowed_categories": [
          1,
          2
        ]
      }
    },
    {
      "model": "eshop.itemtopping",
      "pk": 18,
      "fields": {
        "name": "Buffalo Chicken",
        "price": "0.00",
        "allowed_categories": [
          1,
          2
        ]
      }
    },
    {
      "model": "eshop.itemtopping",
      "pk": 19,
      "fields": {
        "name": "Barbecue Chicken",
        "price": "0.00",
        "allowed_categories": [
          1,
          2
        ]
      }
    },
    {
      "model": "eshop.itemtopping",
      "pk": 20,
      "fields": {
        "name": "Anchovies",
        "price": "0.00",
        "allowed_categories": [
          1,
          2
        ]
      }
    },
    {
      "model": "eshop.itemtopping",
      "pk": 21,
      "fields": {
        "name": "Black Olives",
        "price": "0.00",
        "allowed_categories": [
          1,
          2
        ]
      }
    },
    {
      "model": "eshop.itemtopping",
      "pk": 22,
      "fields": {
        "name": "Fresh Garlic",
        "price": "0.00",
        "allowed_categories": [
          1,
          2
        ]
      }
    },
    {
      "model": "eshop.itemtopping",
      "pk": 23,
      "fields": {
        "name": "Zucchini",
        "price": "0.00",
        "allowed_categories": [
          1,
          2
        ]
      }
    }
  ]